[
	{
		"version": "3.5.1",
		"protocol": "sol003",
		"protocols": [
			{
				"fragment": "vnflcm",
				"version": "2.1.0"
			},
			{
				"fragment": "vnfpm",
				"version": "2.1.0"
			},
			{
				"fragment": "vnffm",
				"version": "1.3.0"
			},
			{
				"fragment": "vnfind",
				"version": "1.3.1"
			},
			{
				"fragment": "grant",
				"version": "1.5.0"
			},
			{
				"fragment": "vnfpkgm",
				"version": "2.2.0"
			},
			{
				"fragment": "vrqan",
				"version": "1.2.1"
			},
			{
				"fragment": "vnfsnapshotpkgm",
				"version": "1.1.0"
			}
		]
	},
	{
		"version": "3.5.1",
		"protocol": "sol005",
		"protocols": [
			{
				"fragment": "nsd",
				"version": "2.2.0"
			},
			{
				"fragment": "nslcm",
				"version": "2.1.0"
			},
			{
				"fragment": "nspm",
				"version": "2.2.0"
			},
			{
				"fragment": "nsfm",
				"version": "1.2.0"
			},
			{
				"fragment": "vnfpkgm",
				"version": "2.2.0"
			},
			{
				"fragment": "nfvici",
				"version": "1.0.0"
			},
			{
				"fragment": "vnfsnapshotpkgm",
				"version": "1.1.0"
			},
			{
				"fragment": "lcmcoord",
				"version": "1.0.0"
			}
		]
	}
]